,r2,rmse,mae,r2_train,rmse_train,mae_train
0,-0.2517630319384845,14.081529843478869,11.163640487619464,0.768562434407247,6.290817847147977,4.718379218146817
