,r2,rmse,mae,r2_train,rmse_train,mae_train
0,-0.5564276769061494,15.70193776430127,13.734446582566923,0.8340197127167305,5.327438439062953,4.199644004425574
