,r2,rmse,mae,r2_train,rmse_train,mae_train
0,-0.31487277193714625,14.432137081185346,12.617356207847868,0.8232526519595483,5.497517710158263,4.430782692462561
